country,continent
Afghanistan,Asia
Albania,Europe
Algeria,Africa
American Samoa,Oceania
Angola,Africa
Anguilla,North America
Antigua and Barbuda,North America
Argentina,South America
Armenia,Asia
Aruba,North America
Australia,Oceania
Austria,Europe
Azerbaijan,Asia
Bahamas,North America
Bahrain,Asia
Bangladesh,Asia
Barbados,North America
Belarus,Europe
Belgium,Europe
Belize,North America
Benin,Africa
Bermuda,North America
Bhutan,Asia
Bolivia,South America
Bosnia and Herzegovina,Europe
Botswana,Africa
Brazil,South America
British Virgin Islands,North America
Brunei,Asia
Bulgaria,Europe
Burkina Faso,Africa
Burma,Asia
Burundi,Africa
Cambodia,Asia
Cameroon,Africa
Canada,North America
Cape Verde,Africa
Cayman Islands,North America
Central African Republic,Africa
Chad,Africa
Chile,South America
China,Asia
Christmas Island,Oceania
Cocos (Keeling) Islands,Oceania
Colombia,South America
Comoros,Africa
Congo (Brazzaville),Africa
Congo (Kinshasa),Africa
Cook Islands,Oceania
Costa Rica,North America
Cote d'Ivoire,Africa
Croatia,Europe
Cuba,North America
Cyprus,Asia
Czech Republic,Europe
Denmark,Europe
Djibouti,Africa
Dominica,North America
Dominican Republic,North America
East Timor,Asia
Ecuador,South America
Egypt,Africa
El Salvador,North America
Equatorial Guinea,Africa
Eritrea,Africa
Estonia,Europe
Ethiopia,Africa
Falkland Islands,South America
Faroe Islands,Europe
Fiji,Oceania
Finland,Europe
France,Europe
French Guiana,South America
French Polynesia,Oceania
Gabon,Africa
Gambia,Africa
Georgia,Asia
Germany,Europe
Ghana,Africa
Gibraltar,Europe
Greece,Europe
Greenland,North America
Grenada,North America
Guadeloupe,North America
Guam,Oceania
Guatemala,North America
Guernsey,Europe
Guinea,Africa
Guinea-Bissau,Africa
Guyana,South America
Haiti,North America
Honduras,North America
Hong Kong,Asia
Hungary,Europe
Iceland,Europe
India,Asia
Indonesia,Asia
Iran,Asia
Iraq,Asia
Ireland,Europe
Isle of Man,Europe
Israel,Asia
Italy,Europe
Jamaica,North America
Japan,Asia
Jersey,Europe
Jordan,Asia
Kazakhstan,Asia
Kenya,Africa
Kiribati,Oceania
Kuwait,Asia
Kyrgyzstan,Asia
Laos,Asia
Latvia,Europe
Lebanon,Asia
Lesotho,Africa
Liberia,Africa
Libya,Africa
Lithuania,Europe
Luxembourg,Europe
Macau,Asia
Macedonia,Europe
Madagascar,Africa
Malawi,Africa
Malaysia,Asia
Maldives,Asia
Mali,Africa
Malta,Europe
Marshall Islands,Oceania
Martinique,North America
Mauritania,Africa
Mauritius,Africa
Mayotte,Africa
Mexico,North America
Micronesia,Oceania
Moldova,Europe
Mongolia,Asia
Montenegro,Europe
Morocco,Africa
Mozambique,Africa
Namibia,Africa
Nauru,Oceania
Nepal,Asia
Netherlands,Europe
Netherlands Antilles,North America
New Caledonia,Oceania
New Zealand,Oceania
Nicaragua,North America
Niger,Africa
Nigeria,Africa
Niue,Oceania
Norfolk Island,Oceania
North Korea,Asia
Northern Mariana Islands,Oceania
Norway,Europe
Oman,Asia
Pakistan,Asia
Palau,Oceania
Panama,North America
Papua New Guinea,Oceania
Paraguay,South America
Peru,South America
Philippines,Asia
Poland,Europe
Portugal,Europe
Puerto Rico,North America
Qatar,Asia
Reunion,Africa
Romania,Europe
Russia,Europe
Rwanda,Africa
Saint Kitts and Nevis,North America
Saint Lucia,North America
Saint Pierre and Miquelon,North America
Saint Vincent and the Grenadines,North America
Samoa,Oceania
Sao Tome and Principe,Africa
Saudi Arabia,Asia
Senegal,Africa
Serbia,Europe
Seychelles,Africa
Sierra Leone,Africa
Singapore,Asia
Slovakia,Europe
Slovenia,Europe
Solomon Islands,Oceania
Somalia,Africa
South Africa,Africa
South Korea,Asia
South Sudan,Africa
Spain,Europe
Sri Lanka,Asia
Sudan,Africa
Suriname,South America
Swaziland,Africa
Sweden,Europe
Switzerland,Europe
Taiwan,Asia
Tajikistan,Asia
Tanzania,Africa
Thailand,Asia
Togo,Africa
Tonga,Oceania
Trinidad and Tobago,North America
Tunisia,Africa
Turkey,Asia
Turkmenistan,Asia
Turks and Caicos Islands,North America
Tuvalu,Oceania
Uganda,Africa
Ukraine,Europe
United Arab Emirates,Asia
United Kingdom,Europe
United States,North America
Uruguay,South America
Uzbekistan,Asia
Vanuatu,Oceania
Venezuela,South America
Vietnam,Asia
Virgin Islands,North America
Wallis and Futuna,Oceania
Western Sahara,Africa
Yemen,Asia
Zambia,Africa
Zimbabwe,Africa